{"0": {"params": {"batch_size": "64", "hidden_dim": "130", "lr": 0.00020691381359938532, "l2": 0.047747135162353516, "momentum": 0.03162277489900589}, "acc": {"0": 0.8797500729560852, "1": 0.8780499696731567, "2": 0.8840999603271484}, "train_loss": {"0": 0.6697342936515812, "1": 0.6729148643493649, "2": 0.6808581873893732}, "test_loss": {"0": 0.4929007589817047, "1": 0.5025430917739868, "2": 0.482825368642807}}, "1": {"params": {"batch_size": "128", "hidden_dim": "120", "lr": 0.00014384498354047537, "l2": 0.06785453855991364, "momentum": 0.10000000149011612}, "acc": {"0": 0.8057999610900879, "1": 0.8034501075744629, "2": 0.8258500099182129}, "train_loss": {"0": 1.1171884841431432, "1": 1.1032302503387774, "2": 1.1247421348818567}, "test_loss": {"0": 0.8980380296707153, "1": 0.8888794779777527, "2": 0.8685763478279114}}, "2": {"params": {"batch_size": "32", "hidden_dim": "180", "lr": 0.00029763515340164304, "l2": 0.39331167936325073, "momentum": 0.03162277489900589}, "acc": {"0": 0.19939999282360077, "1": 0.11235000193119049, "2": 0.11239999532699585}, "train_loss": {"0": 2.1713311708450296, "1": 2.3020646066665633, "2": 2.302064841461183}, "test_loss": {"0": 2.1709396839141846, "1": 2.3020646572113037, "2": 2.302065372467041}}, "3": {"params": {"batch_size": "128", "hidden_dim": "100", "lr": 0.0006158482283353806, "l2": 0.7943282127380371, "momentum": 0.06309573352336884}, "acc": {"0": 0.1123499870300293, "1": 0.11235000193119049, "2": 0.11239999532699585}, "train_loss": {"0": 2.3022840860933536, "1": 2.3022845766414846, "2": 2.3022788561190293}, "test_loss": {"0": 2.3022849559783936, "1": 2.3022842407226562, "2": 2.302281618118286}}, "4": {"params": {"batch_size": "128", "hidden_dim": "130", "lr": 0.10000000149011612, "l2": 0.39331167936325073, "momentum": 0.6309573650360107}, "acc": {"0": 0.10439999401569366, "1": 0.10445000231266022, "2": 0.10440000146627426}, "train_loss": {"0": 2.3021537495878186, "1": 2.3021952984051195, "2": 2.3020873983828034}, "test_loss": {"0": 2.302217721939087, "1": 2.3022170066833496, "2": 2.3042454719543457}}, "5": {"params": {"batch_size": "64", "hidden_dim": "200", "lr": 0.001274275011382997, "l2": 0.19474829733371735, "momentum": 0.25118863582611084}, "acc": {"0": 0.8062999844551086, "1": 0.8066999316215515, "2": 0.8135499954223633}, "train_loss": {"0": 0.9674080894470215, "1": 0.9611980401039123, "2": 0.9712022600173951}, "test_loss": {"0": 0.9095573425292969, "1": 0.9061881303787231, "2": 0.8940277099609375}}, "6": {"params": {"batch_size": "64", "hidden_dim": "220", "lr": 0.00029763515340164304, "l2": 0.005796394310891628, "momentum": 0.009999999776482582}, "acc": {"0": 0.9114999771118164, "1": 0.9070999026298523, "2": 0.9140499830245972}, "train_loss": {"0": 0.42646508914232256, "1": 0.4110278874397278, "2": 0.42370425624847396}, "test_loss": {"0": 0.30691641569137573, "1": 0.3095337152481079, "2": 0.29513242840766907}}, "7": {"params": {"batch_size": "32", "hidden_dim": "220", "lr": 9.999999747378752e-05, "l2": 0.004078743048012257, "momentum": 0.012589254416525364}, "acc": {"0": 0.8980499505996704, "1": 0.8954499363899231, "2": 0.9043499827384949}, "train_loss": {"0": 0.49407201560139635, "1": 0.4933821259319778, "2": 0.5003324018239976}, "test_loss": {"0": 0.3539526164531708, "1": 0.3618249297142029, "2": 0.3368057310581207}}, "8": {"params": {"batch_size": "64", "hidden_dim": "230", "lr": 0.0006158482283353806, "l2": 0.016636144369840622, "momentum": 0.05011872202157974}, "acc": {"0": 0.9230999946594238, "1": 0.9193499684333801, "2": 0.9273999929428101}, "train_loss": {"0": 0.35342877699136716, "1": 0.34693189884424214, "2": 0.3500790538668635}, "test_loss": {"0": 0.2705310881137848, "1": 0.2758621573448181, "2": 0.25579795241355896}}, "9": {"params": {"batch_size": "256", "hidden_dim": "190", "lr": 0.00014384498354047537, "l2": 0.39331167936325073, "momentum": 0.019952623173594475}, "acc": {"0": 0.5536499619483948, "1": 0.5511499643325806, "2": 0.506600022315979}, "train_loss": {"0": 2.2352913807911476, "1": 2.2474672885457423, "2": 2.2240248379434}, "test_loss": {"0": 2.2306597232818604, "1": 2.243288516998291, "2": 2.216824769973755}}, "10": {"params": {"batch_size": "32", "hidden_dim": "190", "lr": 0.0006158482283353806, "l2": 0.047747135162353516, "momentum": 0.25118863582611084}, "acc": {"0": 0.9082500338554382, "1": 0.9040999412536621, "2": 0.9091998934745789}, "train_loss": {"0": 0.46327932547926903, "1": 0.45904913159608823, "2": 0.46917895385026914}, "test_loss": {"0": 0.3767009377479553, "1": 0.381036639213562, "2": 0.3672215938568115}}, "11": {"params": {"batch_size": "128", "hidden_dim": "180", "lr": 0.023357214406132698, "l2": 0.0028700849507004023, "momentum": 0.3162277638912201}, "acc": {"0": 0.9744499921798706, "1": 0.9698001146316528, "2": 0.9735499620437622}, "train_loss": {"0": 0.11425177761005423, "1": 0.10782627279337603, "2": 0.1101738664622124}, "test_loss": {"0": 0.0893528014421463, "1": 0.09853827208280563, "2": 0.09134572744369507}}, "12": {"params": {"batch_size": "256", "hidden_dim": "230", "lr": 0.023357214406132698, "l2": 0.0028700849507004023, "momentum": 0.07943282276391983}, "acc": {"0": 0.9744000434875488, "1": 0.9691499471664429, "2": 0.9733500480651855}, "train_loss": {"0": 0.10628477271622536, "1": 0.10525068619353756, "2": 0.10733800398031618}, "test_loss": {"0": 0.08918467909097672, "1": 0.0998150035738945, "2": 0.09211815148591995}}, "13": {"params": {"batch_size": "64", "hidden_dim": "120", "lr": 0.00014384498354047537, "l2": 0.09642963111400604, "momentum": 0.05011872202157974}, "acc": {"0": 0.8363500833511353, "1": 0.8323500752449036, "2": 0.851650059223175}, "train_loss": {"0": 0.9164455097198485, "1": 0.9186686906814573, "2": 0.9186247350692749}, "test_loss": {"0": 0.7408819198608398, "1": 0.7413034439086914, "2": 0.7134199738502502}}, "14": {"params": {"batch_size": "32", "hidden_dim": "130", "lr": 0.0018329806625843048, "l2": 0.2767612338066101, "momentum": 0.25118863582611084}, "acc": {"0": 0.6776500940322876, "1": 0.6706501245498657, "2": 0.4765999913215637}, "train_loss": {"0": 1.296171414899827, "1": 1.2952305672168725, "2": 1.5474237762451162}, "test_loss": {"0": 1.2455638647079468, "1": 1.2459118366241455, "2": 1.5135470628738403}}, "15": {"params": {"batch_size": "32", "hidden_dim": "110", "lr": 0.04832930117845535, "l2": 0.2767612338066101, "momentum": 0.015848930925130844}, "acc": {"0": 0.6764500737190247, "1": 0.6590499877929688, "2": 0.29319998621940613}, "train_loss": {"0": 1.355439284276963, "1": 1.356603686571123, "2": 1.3656131160259246}, "test_loss": {"0": 1.2522473335266113, "1": 1.2639886140823364, "2": 1.9316082000732422}}, "16": {"params": {"batch_size": "128", "hidden_dim": "160", "lr": 0.0695192813873291, "l2": 0.7943282127380371, "momentum": 0.7943282127380371}, "acc": {"0": 0.0986500084400177, "1": 0.09859999269247055, "2": 0.10440000146627426}, "train_loss": {"0": 2.302354112600747, "1": 2.302393981823907, "2": 2.302302732254369}, "test_loss": {"0": 2.3025147914886475, "1": 2.3025145530700684, "2": 2.3039021492004395}}, "17": {"params": {"batch_size": "256", "hidden_dim": "240", "lr": 0.03359818458557129, "l2": 0.5589441657066345, "momentum": 0.7943282127380371}, "acc": {"0": 0.10439999401569366, "1": 0.10445000231266022, "2": 0.10440000146627426}, "train_loss": {"0": 2.302241199335474, "1": 2.3022079346286266, "2": 2.3021963842355535}, "test_loss": {"0": 2.302239418029785, "1": 2.3022379875183105, "2": 2.302441120147705}}, "18": {"params": {"batch_size": "256", "hidden_dim": "190", "lr": 0.0037926901131868362, "l2": 0.008237387984991074, "momentum": 0.06309573352336884}, "acc": {"0": 0.940049946308136, "1": 0.9379000663757324, "2": 0.9426000714302063}, "train_loss": {"0": 0.28694366312520503, "1": 0.2722565596270711, "2": 0.2789765424599314}, "test_loss": {"0": 0.20579376816749573, "1": 0.20791497826576233, "2": 0.19625461101531982}}, "19": {"params": {"batch_size": "64", "hidden_dim": "180", "lr": 0.002636650810018182,